Filename,Label,Remark
train_00001,0,Barking
train_00002,0,Barking
train_00003,0,Barking
train_00004,0,Barking
train_00005,0,Barking
train_00006,0,Barking
train_00007,0,Barking
train_00008,0,Barking
train_00009,0,Barking
train_00010,0,Barking
train_00011,0,Barking
train_00012,0,Barking
train_00013,0,Barking
train_00014,0,Barking
train_00015,0,Barking
train_00016,0,Barking
train_00017,0,Barking
train_00018,0,Barking
train_00019,0,Barking
train_00020,0,Barking
train_00021,0,Barking
train_00022,0,Barking
train_00023,0,Barking
train_00024,0,Barking
train_00025,0,Barking
train_00026,0,Barking
train_00027,0,Barking
train_00028,0,Barking
train_00029,0,Barking
train_00030,0,Barking
train_00031,0,Barking
train_00032,0,Barking
train_00033,0,Barking
train_00034,0,Barking
train_00035,0,Barking
train_00036,0,Barking
train_00037,0,Barking
train_00038,0,Barking
train_00039,0,Barking
train_00040,0,Barking
train_00041,0,Barking
train_00042,0,Barking
train_00043,0,Barking
train_00044,0,Barking
train_00045,0,Barking
train_00046,0,Barking
train_00047,0,Barking
train_00048,0,Barking
train_00049,0,Barking
train_00050,0,Barking
train_00051,0,Barking
train_00052,0,Barking
train_00053,0,Barking
train_00054,0,Barking
train_00055,0,Barking
train_00056,0,Barking
train_00057,0,Barking
train_00058,0,Barking
train_00059,0,Barking
train_00060,0,Barking
train_00061,0,Barking
train_00062,0,Barking
train_00063,0,Barking
train_00064,0,Barking
train_00065,0,Barking
train_00066,0,Barking
train_00067,0,Barking
train_00068,0,Barking
train_00069,0,Barking
train_00070,0,Barking
train_00071,0,Barking
train_00072,0,Barking
train_00073,0,Barking
train_00074,0,Barking
train_00075,0,Barking
train_00076,0,Barking
train_00077,0,Barking
train_00078,0,Barking
train_00079,0,Barking
train_00080,0,Barking
train_00081,0,Barking
train_00082,0,Barking
train_00083,0,Barking
train_00084,0,Barking
train_00085,0,Barking
train_00086,0,Barking
train_00087,0,Barking
train_00088,0,Barking
train_00089,0,Barking
train_00090,0,Barking
train_00091,0,Barking
train_00092,0,Barking
train_00093,0,Barking
train_00094,0,Barking
train_00095,0,Barking
train_00096,0,Barking
train_00097,0,Barking
train_00098,0,Barking
train_00099,0,Barking
train_00100,0,Barking
train_00101,0,Barking
train_00102,0,Barking
train_00103,0,Barking
train_00104,0,Barking
train_00105,0,Barking
train_00106,0,Barking
train_00107,0,Barking
train_00108,0,Barking
train_00109,0,Barking
train_00110,0,Barking
train_00111,0,Barking
train_00112,0,Barking
train_00113,0,Barking
train_00114,0,Barking
train_00115,0,Barking
train_00116,0,Barking
train_00117,0,Barking
train_00118,0,Barking
train_00119,0,Barking
train_00120,0,Barking
train_00121,0,Barking
train_00122,0,Barking
train_00123,0,Barking
train_00124,0,Barking
train_00125,0,Barking
train_00126,0,Barking
train_00127,0,Barking
train_00128,0,Barking
train_00129,0,Barking
train_00130,0,Barking
train_00131,0,Barking
train_00132,0,Barking
train_00133,0,Barking
train_00134,0,Barking
train_00135,0,Barking
train_00136,0,Barking
train_00137,0,Barking
train_00138,0,Barking
train_00139,0,Barking
train_00140,0,Barking
train_00141,0,Barking
train_00142,0,Barking
train_00143,0,Barking
train_00144,0,Barking
train_00145,0,Barking
train_00146,0,Barking
train_00147,0,Barking
train_00148,0,Barking
train_00149,0,Barking
train_00150,0,Barking
train_00151,0,Barking
train_00152,0,Barking
train_00153,0,Barking
train_00154,0,Barking
train_00155,0,Barking
train_00156,0,Barking
train_00157,0,Barking
train_00158,0,Barking
train_00159,0,Barking
train_00160,0,Barking
train_00161,0,Barking
train_00162,0,Barking
train_00163,0,Barking
train_00164,0,Barking
train_00165,0,Barking
train_00166,0,Barking
train_00167,0,Barking
train_00168,0,Barking
train_00169,0,Barking
train_00170,0,Barking
train_00171,0,Barking
train_00172,0,Barking
train_00173,0,Barking
train_00174,0,Barking
train_00175,0,Barking
train_00176,0,Barking
train_00177,0,Barking
train_00178,0,Barking
train_00179,0,Barking
train_00180,0,Barking
train_00181,0,Barking
train_00182,0,Barking
train_00183,0,Barking
train_00184,0,Barking
train_00185,0,Barking
train_00186,0,Barking
train_00187,0,Barking
train_00188,0,Barking
train_00189,0,Barking
train_00190,0,Barking
train_00191,0,Barking
train_00192,0,Barking
train_00193,0,Barking
train_00194,0,Barking
train_00195,0,Barking
train_00196,0,Barking
train_00197,0,Barking
train_00198,0,Barking
train_00199,0,Barking
train_00200,0,Barking
train_00201,1,Howling
train_00202,1,Howling
train_00203,1,Howling
train_00204,1,Howling
train_00205,1,Howling
train_00206,1,Howling
train_00207,1,Howling
train_00208,1,Howling
train_00209,1,Howling
train_00210,1,Howling
train_00211,1,Howling
train_00212,1,Howling
train_00213,1,Howling
train_00214,1,Howling
train_00215,1,Howling
train_00216,1,Howling
train_00217,1,Howling
train_00218,1,Howling
train_00219,1,Howling
train_00220,1,Howling
train_00221,1,Howling
train_00222,1,Howling
train_00223,1,Howling
train_00224,1,Howling
train_00225,1,Howling
train_00226,1,Howling
train_00227,1,Howling
train_00228,1,Howling
train_00229,1,Howling
train_00230,1,Howling
train_00231,1,Howling
train_00232,1,Howling
train_00233,1,Howling
train_00234,1,Howling
train_00235,1,Howling
train_00236,1,Howling
train_00237,1,Howling
train_00238,1,Howling
train_00239,1,Howling
train_00240,1,Howling
train_00241,1,Howling
train_00242,1,Howling
train_00243,1,Howling
train_00244,1,Howling
train_00245,1,Howling
train_00246,1,Howling
train_00247,1,Howling
train_00248,1,Howling
train_00249,1,Howling
train_00250,1,Howling
train_00251,1,Howling
train_00252,1,Howling
train_00253,1,Howling
train_00254,1,Howling
train_00255,1,Howling
train_00256,1,Howling
train_00257,1,Howling
train_00258,1,Howling
train_00259,1,Howling
train_00260,1,Howling
train_00261,1,Howling
train_00262,1,Howling
train_00263,1,Howling
train_00264,1,Howling
train_00265,1,Howling
train_00266,1,Howling
train_00267,1,Howling
train_00268,1,Howling
train_00269,1,Howling
train_00270,1,Howling
train_00271,1,Howling
train_00272,1,Howling
train_00273,1,Howling
train_00274,1,Howling
train_00275,1,Howling
train_00276,1,Howling
train_00277,1,Howling
train_00278,1,Howling
train_00279,1,Howling
train_00280,1,Howling
train_00281,1,Howling
train_00282,1,Howling
train_00283,1,Howling
train_00284,1,Howling
train_00285,1,Howling
train_00286,1,Howling
train_00287,1,Howling
train_00288,1,Howling
train_00289,1,Howling
train_00290,1,Howling
train_00291,1,Howling
train_00292,1,Howling
train_00293,1,Howling
train_00294,1,Howling
train_00295,1,Howling
train_00296,1,Howling
train_00297,1,Howling
train_00298,1,Howling
train_00299,1,Howling
train_00300,1,Howling
train_00301,1,Howling
train_00302,1,Howling
train_00303,1,Howling
train_00304,1,Howling
train_00305,1,Howling
train_00306,1,Howling
train_00307,1,Howling
train_00308,1,Howling
train_00309,1,Howling
train_00310,1,Howling
train_00311,1,Howling
train_00312,1,Howling
train_00313,1,Howling
train_00314,1,Howling
train_00315,1,Howling
train_00316,1,Howling
train_00317,1,Howling
train_00318,1,Howling
train_00319,1,Howling
train_00320,1,Howling
train_00321,1,Howling
train_00322,1,Howling
train_00323,1,Howling
train_00324,1,Howling
train_00325,1,Howling
train_00326,1,Howling
train_00327,1,Howling
train_00328,1,Howling
train_00329,1,Howling
train_00330,1,Howling
train_00331,1,Howling
train_00332,1,Howling
train_00333,1,Howling
train_00334,1,Howling
train_00335,1,Howling
train_00336,1,Howling
train_00337,1,Howling
train_00338,1,Howling
train_00339,1,Howling
train_00340,1,Howling
train_00341,1,Howling
train_00342,1,Howling
train_00343,1,Howling
train_00344,1,Howling
train_00345,1,Howling
train_00346,1,Howling
train_00347,1,Howling
train_00348,1,Howling
train_00349,1,Howling
train_00350,1,Howling
train_00351,1,Howling
train_00352,1,Howling
train_00353,1,Howling
train_00354,1,Howling
train_00355,1,Howling
train_00356,1,Howling
train_00357,1,Howling
train_00358,1,Howling
train_00359,1,Howling
train_00360,1,Howling
train_00361,1,Howling
train_00362,1,Howling
train_00363,1,Howling
train_00364,1,Howling
train_00365,1,Howling
train_00366,1,Howling
train_00367,1,Howling
train_00368,1,Howling
train_00369,1,Howling
train_00370,1,Howling
train_00371,1,Howling
train_00372,1,Howling
train_00373,1,Howling
train_00374,1,Howling
train_00375,1,Howling
train_00376,1,Howling
train_00377,1,Howling
train_00378,1,Howling
train_00379,1,Howling
train_00380,1,Howling
train_00381,1,Howling
train_00382,1,Howling
train_00383,1,Howling
train_00384,1,Howling
train_00385,1,Howling
train_00386,1,Howling
train_00387,1,Howling
train_00388,1,Howling
train_00389,1,Howling
train_00390,1,Howling
train_00391,1,Howling
train_00392,1,Howling
train_00393,2,Crying
train_00394,1,Howling
train_00395,1,Howling
train_00396,1,Howling
train_00397,1,Howling
train_00398,1,Howling
train_00399,1,Howling
train_00400,1,Howling
train_00401,2,Crying
train_00402,2,Crying
train_00403,2,Crying
train_00404,2,Crying
train_00405,2,Crying
train_00406,2,Crying
train_00407,2,Crying
train_00408,2,Crying
train_00409,2,Crying
train_00410,2,Crying
train_00411,2,Crying
train_00412,2,Crying
train_00413,2,Crying
train_00414,2,Crying
train_00415,2,Crying
train_00416,2,Crying
train_00417,2,Crying
train_00418,2,Crying
train_00419,2,Crying
train_00420,2,Crying
train_00421,2,Crying
train_00422,2,Crying
train_00423,2,Crying
train_00424,2,Crying
train_00425,2,Crying
train_00426,2,Crying
train_00427,2,Crying
train_00428,2,Crying
train_00429,2,Crying
train_00430,2,Crying
train_00431,2,Crying
train_00432,2,Crying
train_00433,2,Crying
train_00434,2,Crying
train_00435,2,Crying
train_00436,2,Crying
train_00437,2,Crying
train_00438,2,Crying
train_00439,2,Crying
train_00440,2,Crying
train_00441,2,Crying
train_00442,2,Crying
train_00443,2,Crying
train_00444,2,Crying
train_00445,2,Crying
train_00446,2,Crying
train_00447,2,Crying
train_00448,2,Crying
train_00449,2,Crying
train_00450,2,Crying
train_00451,2,Crying
train_00452,2,Crying
train_00453,2,Crying
train_00454,2,Crying
train_00455,2,Crying
train_00456,2,Crying
train_00457,2,Crying
train_00458,2,Crying
train_00459,2,Crying
train_00460,2,Crying
train_00461,2,Crying
train_00462,2,Crying
train_00463,2,Crying
train_00464,2,Crying
train_00465,2,Crying
train_00466,2,Crying
train_00467,2,Crying
train_00468,2,Crying
train_00469,2,Crying
train_00470,2,Crying
train_00471,2,Crying
train_00472,2,Crying
train_00473,2,Crying
train_00474,2,Crying
train_00475,2,Crying
train_00476,2,Crying
train_00477,2,Crying
train_00478,2,Crying
train_00479,2,Crying
train_00480,2,Crying
train_00481,2,Crying
train_00482,2,Crying
train_00483,2,Crying
train_00484,2,Crying
train_00485,2,Crying
train_00486,2,Crying
train_00487,2,Crying
train_00488,2,Crying
train_00489,2,Crying
train_00490,2,Crying
train_00491,2,Crying
train_00492,2,Crying
train_00493,2,Crying
train_00494,2,Crying
train_00495,2,Crying
train_00496,2,Crying
train_00497,2,Crying
train_00498,2,Crying
train_00499,2,Crying
train_00500,2,Crying
train_00501,2,Crying
train_00502,2,Crying
train_00503,2,Crying
train_00504,2,Crying
train_00505,2,Crying
train_00506,2,Crying
train_00507,2,Crying
train_00508,2,Crying
train_00509,2,Crying
train_00510,2,Crying
train_00511,2,Crying
train_00512,2,Crying
train_00513,2,Crying
train_00514,2,Crying
train_00515,2,Crying
train_00516,2,Crying
train_00517,2,Crying
train_00518,2,Crying
train_00519,2,Crying
train_00520,2,Crying
train_00521,2,Crying
train_00522,2,Crying
train_00523,2,Crying
train_00524,2,Crying
train_00525,2,Crying
train_00526,2,Crying
train_00527,2,Crying
train_00528,2,Crying
train_00529,2,Crying
train_00530,2,Crying
train_00531,2,Crying
train_00532,2,Crying
train_00533,2,Crying
train_00534,2,Crying
train_00535,2,Crying
train_00536,2,Crying
train_00537,2,Crying
train_00538,2,Crying
train_00539,2,Crying
train_00540,2,Crying
train_00541,2,Crying
train_00542,2,Crying
train_00543,2,Crying
train_00544,2,Crying
train_00545,2,Crying
train_00546,2,Crying
train_00547,2,Crying
train_00548,2,Crying
train_00549,2,Crying
train_00550,2,Crying
train_00551,2,Crying
train_00552,2,Crying
train_00553,2,Crying
train_00554,2,Crying
train_00555,2,Crying
train_00556,2,Crying
train_00557,2,Crying
train_00558,2,Crying
train_00559,2,Crying
train_00560,2,Crying
train_00561,2,Crying
train_00562,2,Crying
train_00563,2,Crying
train_00564,2,Crying
train_00565,2,Crying
train_00566,2,Crying
train_00567,2,Crying
train_00568,2,Crying
train_00569,2,Crying
train_00570,2,Crying
train_00571,2,Crying
train_00572,2,Crying
train_00573,2,Crying
train_00574,2,Crying
train_00575,2,Crying
train_00576,2,Crying
train_00577,1,Howling
train_00578,2,Crying
train_00579,2,Crying
train_00580,2,Crying
train_00581,2,Crying
train_00582,2,Crying
train_00583,2,Crying
train_00584,2,Crying
train_00585,2,Crying
train_00586,2,Crying
train_00587,2,Crying
train_00588,2,Crying
train_00589,2,Crying
train_00590,2,Crying
train_00591,2,Crying
train_00592,2,Crying
train_00593,2,Crying
train_00594,2,Crying
train_00595,2,Crying
train_00596,2,Crying
train_00597,2,Crying
train_00598,2,Crying
train_00599,2,Crying
train_00600,2,Crying
train_00601,3,COSmoke
train_00602,3,COSmoke
train_00603,3,COSmoke
train_00604,3,COSmoke
train_00605,3,COSmoke
train_00606,3,COSmoke
train_00607,3,COSmoke
train_00608,3,COSmoke
train_00609,3,COSmoke
train_00610,3,COSmoke
train_00611,3,COSmoke
train_00612,3,COSmoke
train_00613,3,COSmoke
train_00614,3,COSmoke
train_00615,3,COSmoke
train_00616,3,COSmoke
train_00617,3,COSmoke
train_00618,3,COSmoke
train_00619,3,COSmoke
train_00620,3,COSmoke
train_00621,3,COSmoke
train_00622,3,COSmoke
train_00623,3,COSmoke
train_00624,3,COSmoke
train_00625,3,COSmoke
train_00626,3,COSmoke
train_00627,3,COSmoke
train_00628,3,COSmoke
train_00629,3,COSmoke
train_00630,3,COSmoke
train_00631,3,COSmoke
train_00632,3,COSmoke
train_00633,3,COSmoke
train_00634,3,COSmoke
train_00635,3,COSmoke
train_00636,3,COSmoke
train_00637,3,COSmoke
train_00638,3,COSmoke
train_00639,3,COSmoke
train_00640,3,COSmoke
train_00641,3,COSmoke
train_00642,3,COSmoke
train_00643,3,COSmoke
train_00644,3,COSmoke
train_00645,3,COSmoke
train_00646,3,COSmoke
train_00647,3,COSmoke
train_00648,3,COSmoke
train_00649,3,COSmoke
train_00650,3,COSmoke
train_00651,3,COSmoke
train_00652,3,COSmoke
train_00653,3,COSmoke
train_00654,3,COSmoke
train_00655,3,COSmoke
train_00656,3,COSmoke
train_00657,3,COSmoke
train_00658,3,COSmoke
train_00659,3,COSmoke
train_00660,3,COSmoke
train_00661,3,COSmoke
train_00662,3,COSmoke
train_00663,3,COSmoke
train_00664,3,COSmoke
train_00665,3,COSmoke
train_00666,3,COSmoke
train_00667,3,COSmoke
train_00668,3,COSmoke
train_00669,3,COSmoke
train_00670,3,COSmoke
train_00671,3,COSmoke
train_00672,3,COSmoke
train_00673,3,COSmoke
train_00674,3,COSmoke
train_00675,3,COSmoke
train_00676,3,COSmoke
train_00677,3,COSmoke
train_00678,3,COSmoke
train_00679,3,COSmoke
train_00680,3,COSmoke
train_00681,3,COSmoke
train_00682,3,COSmoke
train_00683,3,COSmoke
train_00684,3,COSmoke
train_00685,3,COSmoke
train_00686,3,COSmoke
train_00687,3,COSmoke
train_00688,3,COSmoke
train_00689,3,COSmoke
train_00690,3,COSmoke
train_00691,3,COSmoke
train_00692,3,COSmoke
train_00693,3,COSmoke
train_00694,3,COSmoke
train_00695,3,COSmoke
train_00696,3,COSmoke
train_00697,3,COSmoke
train_00698,3,COSmoke
train_00699,3,COSmoke
train_00700,3,COSmoke
train_00701,3,COSmoke
train_00702,3,COSmoke
train_00703,3,COSmoke
train_00704,3,COSmoke
train_00705,3,COSmoke
train_00706,3,COSmoke
train_00707,3,COSmoke
train_00708,3,COSmoke
train_00709,3,COSmoke
train_00710,3,COSmoke
train_00711,3,COSmoke
train_00712,3,COSmoke
train_00713,3,COSmoke
train_00714,3,COSmoke
train_00715,3,COSmoke
train_00716,3,COSmoke
train_00717,3,COSmoke
train_00718,3,COSmoke
train_00719,3,COSmoke
train_00720,3,COSmoke
train_00721,3,COSmoke
train_00722,3,COSmoke
train_00723,3,COSmoke
train_00724,3,COSmoke
train_00725,3,COSmoke
train_00726,3,COSmoke
train_00727,3,COSmoke
train_00728,3,COSmoke
train_00729,3,COSmoke
train_00730,3,COSmoke
train_00731,3,COSmoke
train_00732,3,COSmoke
train_00733,3,COSmoke
train_00734,3,COSmoke
train_00735,3,COSmoke
train_00736,3,COSmoke
train_00737,3,COSmoke
train_00738,3,COSmoke
train_00739,3,COSmoke
train_00740,3,COSmoke
train_00741,3,COSmoke
train_00742,3,COSmoke
train_00743,3,COSmoke
train_00744,3,COSmoke
train_00745,3,COSmoke
train_00746,3,COSmoke
train_00747,3,COSmoke
train_00748,3,COSmoke
train_00749,3,COSmoke
train_00750,3,COSmoke
train_00751,3,COSmoke
train_00752,3,COSmoke
train_00753,3,COSmoke
train_00754,3,COSmoke
train_00755,3,COSmoke
train_00756,3,COSmoke
train_00757,3,COSmoke
train_00758,3,COSmoke
train_00759,3,COSmoke
train_00760,3,COSmoke
train_00761,3,COSmoke
train_00762,3,COSmoke
train_00763,3,COSmoke
train_00764,3,COSmoke
train_00765,3,COSmoke
train_00766,3,COSmoke
train_00767,3,COSmoke
train_00768,3,COSmoke
train_00769,3,COSmoke
train_00770,3,COSmoke
train_00771,3,COSmoke
train_00772,3,COSmoke
train_00773,3,COSmoke
train_00774,3,COSmoke
train_00775,3,COSmoke
train_00776,3,COSmoke
train_00777,3,COSmoke
train_00778,3,COSmoke
train_00779,3,COSmoke
train_00780,3,COSmoke
train_00781,3,COSmoke
train_00782,3,COSmoke
train_00783,3,COSmoke
train_00784,3,COSmoke
train_00785,3,COSmoke
train_00786,3,COSmoke
train_00787,3,COSmoke
train_00788,3,COSmoke
train_00789,3,COSmoke
train_00790,3,COSmoke
train_00791,3,COSmoke
train_00792,3,COSmoke
train_00793,3,COSmoke
train_00794,3,COSmoke
train_00795,3,COSmoke
train_00796,3,COSmoke
train_00797,3,COSmoke
train_00798,3,COSmoke
train_00799,3,COSmoke
train_00800,3,COSmoke
train_00801,4,GlassBreaking
train_00802,4,GlassBreaking
train_00803,4,GlassBreaking
train_00804,4,GlassBreaking
train_00805,4,GlassBreaking
train_00806,4,GlassBreaking
train_00807,4,GlassBreaking
train_00808,4,GlassBreaking
train_00809,4,GlassBreaking
train_00810,4,GlassBreaking
train_00811,4,GlassBreaking
train_00812,4,GlassBreaking
train_00813,4,GlassBreaking
train_00814,4,GlassBreaking
train_00815,4,GlassBreaking
train_00816,4,GlassBreaking
train_00817,4,GlassBreaking
train_00818,4,GlassBreaking
train_00819,4,GlassBreaking
train_00820,4,GlassBreaking
train_00821,4,GlassBreaking
train_00822,4,GlassBreaking
train_00823,4,GlassBreaking
train_00824,4,GlassBreaking
train_00825,4,GlassBreaking
train_00826,4,GlassBreaking
train_00827,4,GlassBreaking
train_00828,4,GlassBreaking
train_00829,4,GlassBreaking
train_00830,4,GlassBreaking
train_00831,4,GlassBreaking
train_00832,4,GlassBreaking
train_00833,4,GlassBreaking
train_00834,4,GlassBreaking
train_00835,4,GlassBreaking
train_00836,4,GlassBreaking
train_00837,4,GlassBreaking
train_00838,4,GlassBreaking
train_00839,4,GlassBreaking
train_00840,4,GlassBreaking
train_00841,4,GlassBreaking
train_00842,4,GlassBreaking
train_00843,4,GlassBreaking
train_00844,4,GlassBreaking
train_00845,4,GlassBreaking
train_00846,4,GlassBreaking
train_00847,4,GlassBreaking
train_00848,4,GlassBreaking
train_00849,4,GlassBreaking
train_00850,4,GlassBreaking
train_00851,4,GlassBreaking
train_00852,4,GlassBreaking
train_00853,4,GlassBreaking
train_00854,4,GlassBreaking
train_00855,4,GlassBreaking
train_00856,4,GlassBreaking
train_00857,4,GlassBreaking
train_00858,4,GlassBreaking
train_00859,4,GlassBreaking
train_00860,4,GlassBreaking
train_00861,4,GlassBreaking
train_00862,4,GlassBreaking
train_00863,4,GlassBreaking
train_00864,4,GlassBreaking
train_00865,4,GlassBreaking
train_00866,4,GlassBreaking
train_00867,4,GlassBreaking
train_00868,4,GlassBreaking
train_00869,4,GlassBreaking
train_00870,4,GlassBreaking
train_00871,4,GlassBreaking
train_00872,4,GlassBreaking
train_00873,4,GlassBreaking
train_00874,4,GlassBreaking
train_00875,4,GlassBreaking
train_00876,4,GlassBreaking
train_00877,4,GlassBreaking
train_00878,4,GlassBreaking
train_00879,4,GlassBreaking
train_00880,4,GlassBreaking
train_00881,4,GlassBreaking
train_00882,4,GlassBreaking
train_00883,4,GlassBreaking
train_00884,4,GlassBreaking
train_00885,4,GlassBreaking
train_00886,4,GlassBreaking
train_00887,4,GlassBreaking
train_00888,4,GlassBreaking
train_00889,4,GlassBreaking
train_00890,4,GlassBreaking
train_00891,4,GlassBreaking
train_00892,4,GlassBreaking
train_00893,4,GlassBreaking
train_00894,4,GlassBreaking
train_00895,4,GlassBreaking
train_00896,4,GlassBreaking
train_00897,4,GlassBreaking
train_00898,4,GlassBreaking
train_00899,4,GlassBreaking
train_00900,4,GlassBreaking
train_00901,4,GlassBreaking
train_00902,4,GlassBreaking
train_00903,4,GlassBreaking
train_00904,4,GlassBreaking
train_00905,4,GlassBreaking
train_00906,4,GlassBreaking
train_00907,4,GlassBreaking
train_00908,4,GlassBreaking
train_00909,5,Other
train_00910,4,GlassBreaking
train_00911,4,GlassBreaking
train_00912,4,GlassBreaking
train_00913,4,GlassBreaking
train_00914,4,GlassBreaking
train_00915,4,GlassBreaking
train_00916,4,GlassBreaking
train_00917,4,GlassBreaking
train_00918,4,GlassBreaking
train_00919,4,GlassBreaking
train_00920,4,GlassBreaking
train_00921,4,GlassBreaking
train_00922,4,GlassBreaking
train_00923,4,GlassBreaking
train_00924,4,GlassBreaking
train_00925,4,GlassBreaking
train_00926,4,GlassBreaking
train_00927,4,GlassBreaking
train_00928,4,GlassBreaking
train_00929,4,GlassBreaking
train_00930,4,GlassBreaking
train_00931,4,GlassBreaking
train_00932,4,GlassBreaking
train_00933,4,GlassBreaking
train_00934,4,GlassBreaking
train_00935,4,GlassBreaking
train_00936,4,GlassBreaking
train_00937,4,GlassBreaking
train_00938,4,GlassBreaking
train_00939,4,GlassBreaking
train_00940,4,GlassBreaking
train_00941,4,GlassBreaking
train_00942,4,GlassBreaking
train_00943,4,GlassBreaking
train_00944,4,GlassBreaking
train_00945,4,GlassBreaking
train_00946,4,GlassBreaking
train_00947,4,GlassBreaking
train_00948,4,GlassBreaking
train_00949,4,GlassBreaking
train_00950,4,GlassBreaking
train_00951,4,GlassBreaking
train_00952,4,GlassBreaking
train_00953,4,GlassBreaking
train_00954,4,GlassBreaking
train_00955,4,GlassBreaking
train_00956,4,GlassBreaking
train_00957,4,GlassBreaking
train_00958,4,GlassBreaking
train_00959,4,GlassBreaking
train_00960,4,GlassBreaking
train_00961,4,GlassBreaking
train_00962,4,GlassBreaking
train_00963,4,GlassBreaking
train_00964,4,GlassBreaking
train_00965,4,GlassBreaking
train_00966,4,GlassBreaking
train_00967,4,GlassBreaking
train_00968,4,GlassBreaking
train_00969,4,GlassBreaking
train_00970,4,GlassBreaking
train_00971,4,GlassBreaking
train_00972,4,GlassBreaking
train_00973,4,GlassBreaking
train_00974,4,GlassBreaking
train_00975,4,GlassBreaking
train_00976,4,GlassBreaking
train_00977,4,GlassBreaking
train_00978,4,GlassBreaking
train_00979,4,GlassBreaking
train_00980,4,GlassBreaking
train_00981,4,GlassBreaking
train_00982,4,GlassBreaking
train_00983,4,GlassBreaking
train_00984,4,GlassBreaking
train_00985,4,GlassBreaking
train_00986,4,GlassBreaking
train_00987,4,GlassBreaking
train_00988,4,GlassBreaking
train_00989,4,GlassBreaking
train_00990,4,GlassBreaking
train_00991,4,GlassBreaking
train_00992,4,GlassBreaking
train_00993,4,GlassBreaking
train_00994,4,GlassBreaking
train_00995,4,GlassBreaking
train_00996,4,GlassBreaking
train_00997,4,GlassBreaking
train_00998,4,GlassBreaking
train_00999,4,GlassBreaking
train_01000,4,GlassBreaking
train_01001,5,Vacuum
train_01002,5,Vacuum
train_01003,5,Vacuum
train_01004,5,Vacuum
train_01005,5,Vacuum
train_01006,5,Vacuum
train_01007,5,Vacuum
train_01008,5,Vacuum
train_01009,5,Vacuum
train_01010,5,Vacuum
train_01011,5,Vacuum
train_01012,5,Vacuum
train_01013,5,Vacuum
train_01014,5,Vacuum
train_01015,5,Vacuum
train_01016,5,Vacuum
train_01017,5,Vacuum
train_01018,5,Vacuum
train_01019,5,Vacuum
train_01020,5,Vacuum
train_01021,5,Vacuum
train_01022,5,Vacuum
train_01023,5,Vacuum
train_01024,5,Vacuum
train_01025,5,Vacuum
train_01026,5,Vacuum
train_01027,5,Vacuum
train_01028,5,Vacuum
train_01029,5,Vacuum
train_01030,5,Vacuum
train_01031,5,Vacuum
train_01032,5,Vacuum
train_01033,5,Vacuum
train_01034,5,Vacuum
train_01035,5,Vacuum
train_01036,5,Vacuum
train_01037,5,Vacuum
train_01038,5,Vacuum
train_01039,5,Vacuum
train_01040,5,Vacuum
train_01041,5,Vacuum
train_01042,5,Vacuum
train_01043,5,Vacuum
train_01044,5,Vacuum
train_01045,5,Vacuum
train_01046,5,Vacuum
train_01047,5,Vacuum
train_01048,5,Vacuum
train_01049,5,Vacuum
train_01050,5,Vacuum
train_01051,5,Vacuum
train_01052,5,Vacuum
train_01053,5,Vacuum
train_01054,5,Vacuum
train_01055,5,Vacuum
train_01056,5,Vacuum
train_01057,5,Vacuum
train_01058,5,Vacuum
train_01059,5,Vacuum
train_01060,5,Vacuum
train_01061,5,Vacuum
train_01062,5,Vacuum
train_01063,5,Vacuum
train_01064,5,Vacuum
train_01065,5,Vacuum
train_01066,5,Vacuum
train_01067,5,Vacuum
train_01068,5,Vacuum
train_01069,5,Vacuum
train_01070,5,Vacuum
train_01071,5,Vacuum
train_01072,5,Vacuum
train_01073,5,Vacuum
train_01074,5,Vacuum
train_01075,5,Vacuum
train_01076,5,Vacuum
train_01077,5,Vacuum
train_01078,5,Vacuum
train_01079,5,Vacuum
train_01080,5,Vacuum
train_01081,5,Vacuum
train_01082,5,Vacuum
train_01083,5,Vacuum
train_01084,5,Vacuum
train_01085,5,Vacuum
train_01086,5,Vacuum
train_01087,5,Vacuum
train_01088,5,Vacuum
train_01089,5,Vacuum
train_01090,5,Vacuum
train_01091,5,Blender
train_01092,5,Blender
train_01093,5,Blender
train_01094,5,Blender
train_01095,5,Blender
train_01096,5,Blender
train_01097,5,Blender
train_01098,5,Blender
train_01099,5,Blender
train_01100,5,Blender
train_01101,5,Electrics
train_01102,5,Electrics
train_01103,5,Electrics
train_01104,5,Electrics
train_01105,5,Electrics
train_01106,5,Electrics
train_01107,5,Electrics
train_01108,5,Electrics
train_01109,5,Electrics
train_01110,5,Electrics
train_01111,5,Cat
train_01112,5,Cat
train_01113,5,Cat
train_01114,5,Cat
train_01115,5,Cat
train_01116,5,Cat
train_01117,5,Cat
train_01118,5,Cat
train_01119,5,Cat
train_01120,5,Cat
train_01121,5,Cat
train_01122,5,Cat
train_01123,5,Cat
train_01124,5,Cat
train_01125,5,Cat
train_01126,5,Cat
train_01127,5,Cat
train_01128,5,Cat
train_01129,5,Cat
train_01130,5,Cat
train_01131,5,Cat
train_01132,5,Cat
train_01133,5,Cat
train_01134,5,Cat
train_01135,5,Cat
train_01136,5,Cat
train_01137,5,Cat
train_01138,5,Cat
train_01139,5,Cat
train_01140,5,Cat
train_01141,5,Dishes
train_01142,5,Dishes
train_01143,5,Dishes
train_01144,5,Dishes
train_01145,5,Dishes
train_01146,5,Dishes
train_01147,5,Dishes
train_01148,5,Dishes
train_01149,5,Dishes
train_01150,5,Dishes
train_01151,5,Dishes
train_01152,5,Dishes
train_01153,5,Dishes
train_01154,5,Dishes
train_01155,5,Dishes
train_01156,5,Dishes
train_01157,5,Dishes
train_01158,5,Dishes
train_01159,5,Dishes
train_01160,5,Dishes
train_01161,5,Dishes
train_01162,5,Dishes
train_01163,5,Dishes
train_01164,5,Dishes
train_01165,5,Dishes
train_01166,5,Dishes
train_01167,5,Dishes
train_01168,5,Dishes
train_01169,5,Dishes
train_01170,5,Dishes
train_01171,5,Dishes
train_01172,5,Dishes
train_01173,5,Dishes
train_01174,5,Dishes
train_01175,5,Dishes
train_01176,5,Dishes
train_01177,5,Dishes
train_01178,5,Dishes
train_01179,5,Dishes
train_01180,5,Dishes
train_01181,5,Dishes
train_01182,5,Dishes
train_01183,5,Dishes
train_01184,5,Dishes
train_01185,5,Dishes
train_01186,5,Dishes
train_01187,5,Dishes
train_01188,5,Dishes
train_01189,5,Dishes
train_01190,5,Dishes
train_01191,5,Dishes
train_01192,5,Dishes
train_01193,5,Dishes
train_01194,5,Dishes
train_01195,5,Dishes
train_01196,5,Dishes
train_01197,5,Dishes
train_01198,5,Dishes
train_01199,5,Dishes
train_01200,5,Dishes
